"FSC-A","FSC-H","SSC-A","GFP-A","PI_LSS-mKate-A","mCherry-A"
21.150488,14.648186,3.877999,47.898754,10.571550,18.093857
8.393585,5.834589,2.961615,6.776440,1.120070,0.755258
18.766716,12.395906,40.687401,116.922539,27.093315,90.916039
27.446667,18.088676,28.744373,9.227768,1.726952,2.845353
5.726691,3.705345,13.279425,124.768166,26.411758,76.159294
22.878721,15.091178,13.032427,23.929876,4.786054,8.679540
5.502131,3.751899,19.815014,327.217560,58.469250,150.653076
12.838679,8.319365,65.401344,14.986750,1.399307,3.340998
6.729354,4.707265,17.105967,111.951332,21.492682,53.129810
