"FSC-A","FSC-H","SSC-A","GFP-A","PI_LSS-mKate-A","mCherry-A"
12.843357,8.971916,3.981659,6.977907,1.849777,4.596554
7.918178,5.392084,17.102327,158.521011,29.758944,68.206024
4.690346,3.057527,7.741260,103.536041,15.923012,38.249390
10.260483,6.339408,2.071474,2.407627,1.072819,1.708663
12.879261,8.542381,19.077261,102.188072,25.196430,76.223633
6.793483,5.081412,3.145367,2.704510,1.461771,13.197704
15.349872,9.626533,4.165865,11.478623,2.496196,4.037915
5.421597,3.512846,12.312913,300.581940,47.853477,118.003723
15.050784,9.529042,72.467781,631.014832,122.007545,264.643555
