"FSC-A","FSC-H","SSC-A","GFP-A","PI_LSS-mKate-A","mCherry-A"
42.433044,23.284660,4.482089,5.290744,1.928416,3.627866
4.729726,3.072747,63.506454,7.051676,1.691990,2.907105
8.668761,5.941439,16.262861,258.276031,39.714867,80.492805
39.417660,24.390556,11.243634,53.816051,13.029513,51.265495
18.716415,11.456810,14.430413,38.168823,8.946764,22.313063
5.663941,3.250357,19.652397,77.061203,28.799528,64.927834
