"FSC-A","FSC-H","SSC-A","GFP-A","PI_LSS-mKate-A","mCherry-A"
5.018782,3.432976,1.214998,54.247063,16.022659,36.320221
6.023695,3.957757,2.389695,2.619299,0.047721,-0.427901
44.767612,27.990387,5.589412,21.476307,5.528373,16.423508
5.134654,3.440238,2.775650,3.862447,1.008478,15.870823
6.491634,4.376732,7.338610,143.080322,20.388729,48.217445
20.069166,13.046500,12.528422,58.584629,17.153814,158.111404
7.192868,4.835273,13.145002,115.685944,18.949608,32.605297
