"FSC-A","FSC-H","SSC-A","GFP-A","PI_LSS-mKate-A","mCherry-A"
9.068687,6.438958,1.679683,70.589661,22.739140,32.170227
31.659990,16.042719,12.083733,65.212326,21.248064,60.120510
5.741248,3.850984,8.213094,153.579010,27.647364,59.170925
37.673306,22.223808,5.631673,16.333868,2.420404,6.920280
21.275755,14.417015,10.727233,25.297054,5.086308,4.615726
4.630912,3.326651,2.044422,4.452440,0.832660,-0.163767
