"FSC-A","FSC-H","SSC-A","GFP-A","PI_LSS-mKate-A","mCherry-A"
14.330348,9.734856,6.776917,20.056993,5.520786,8.299733
19.388741,12.914666,14.886138,18.554409,4.008264,5.444999
4.804729,3.179598,2.207938,15.303148,2.786733,5.985975
11.400748,6.720878,1.799812,2.311116,0.951286,1.011636
17.365255,11.823021,5.551361,6.280729,2.362540,26.127052
5.703261,3.692862,13.561453,0.767133,0.210697,1.988080
23.996580,9.794379,2.564490,3.829199,0.240688,8.145013
10.765471,7.617461,3.869950,8.141587,0.491385,1.089065
