"FSC-A","FSC-H","SSC-A","GFP-A","PI_LSS-mKate-A","mCherry-A"
8.888619,6.260746,4.185822,3.853794,1.503234,11.520997
18.723194,13.042494,4.401217,4.370280,12.852522,1021.346924
35.487511,23.790060,7.523020,6.214176,16.933392,1555.941162
20.395357,14.342182,7.587277,7.124212,1.716108,11.017703
14.037218,9.812978,5.175453,4.713806,0.683861,1.590402
10.179526,6.919760,2.703888,11.772669,4.954535,16.245228
14.689025,10.256145,3.914225,6.272758,0.816340,5.176547
