"FSC-A","FSC-H","SSC-A","GFP-A","PI_LSS-mKate-A","mCherry-A"
43.189495,29.026859,7.885427,19.141920,9.088318,431.195587
39.962856,26.927992,12.057791,24.655552,13.631762,582.337830
5.629732,3.816304,2.064763,-0.838307,0.376319,1.309939
14.915652,10.542744,5.657049,6.545143,2.731265,28.547039
