"FSC-A","FSC-H","SSC-A","GFP-A","PI_LSS-mKate-A","mCherry-A"
17.127836,12.287968,5.847963,4.372097,0.824080,6.899171
29.829157,20.809217,7.922097,10.950930,4.656199,83.223610
8.946866,6.044088,3.562477,1.724608,0.712322,7.254328
9.099945,6.651752,4.434571,3.435330,0.636610,2.767764
48.541840,30.763296,12.313725,9.482186,20.225639,1404.305420
40.208881,27.473349,9.795691,8.787964,39.412689,3022.390381
