"FSC-A","FSC-H","SSC-A","GFP-A","PI_LSS-mKate-A","mCherry-A"
51.560966,32.841557,11.188262,21.311640,24.086910,1696.571289
17.793823,12.340590,8.168737,6.229018,2.843928,69.268776
17.915279,12.712179,6.157562,3.519005,0.494277,1.760326
18.508022,13.243549,5.338918,10.226875,2.305900,18.738619
12.267842,8.790639,3.488290,3.820182,0.719606,4.693065
21.432043,14.945884,13.541764,16.337301,51.365807,3396.061279
22.345598,15.627239,11.138285,16.077604,31.271059,2197.033447
19.251305,13.515896,21.397129,33.216011,42.221600,2743.031494
18.924139,13.668326,4.929678,2.428054,13.566798,1079.315918
