"FSC-A","FSC-H","SSC-A","GFP-A","PI_LSS-mKate-A","mCherry-A"
9.570669,6.872496,3.485134,2.657338,0.839110,19.478848
13.469748,9.481243,4.489936,8.013803,4.960659,267.835205
9.535388,6.501865,3.449121,18.820776,6.450763,18.673182
44.454845,27.906216,12.503871,16.580896,11.849434,751.020752
