"FSC-A","FSC-H","SSC-A","GFP-A","PI_LSS-mKate-A","mCherry-A"
12.201416,7.903207,5.084839,13.626028,3.517170,5.014040
6.461629,4.485200,6.404500,9.421244,3.724448,6.030289
7.331651,5.085351,20.247972,168.003967,25.015617,42.954456
13.677517,9.185373,8.316056,13.479943,6.437065,6.471059
7.066832,4.926216,2.460229,4.410623,0.771245,0.724054
5.268534,3.402025,17.973143,212.985886,31.075251,50.319019
7.570145,5.050803,13.940594,147.349365,19.856562,28.145388
14.353058,10.148485,35.738140,6.254027,0.867758,0.237422
30.327950,19.215773,455.957764,27.832884,7.467767,7.798394
