"FSC-A","FSC-H","SSC-A","GFP-A","PI_LSS-mKate-A","mCherry-A"
10.785916,7.720101,5.420842,3.531647,0.850595,0.785410
11.201412,7.536958,3.423370,44.022377,11.280935,7.910474
11.360109,7.511499,8.773834,7.423241,1.055761,5.096953
17.670231,11.458933,5.892546,38.844578,9.067895,11.028543
6.655764,4.697334,4.154541,4.882457,1.840019,0.395201
7.620553,5.141527,1.766371,13.160761,3.644557,3.711149
41.463531,23.300314,273.445557,3084.978516,803.100464,1227.217651
