"FSC-A","FSC-H","SSC-A","GFP-A","PI_LSS-mKate-A","mCherry-A"
14.160334,9.739673,6.848141,14.417581,3.152675,10.432714
38.933624,24.547407,58.655560,528.773804,147.002777,415.742615
16.363445,10.645168,41.690079,6.914766,1.419191,3.124949
5.133852,3.758244,15.258911,286.755157,49.903481,115.930717
6.101295,4.367866,10.791116,105.387627,26.749844,66.542313
50.340195,28.772831,45.292999,80.827873,89.210953,4142.936035
7.113203,5.066518,4.730625,9.369221,1.583194,6.130500
13.997304,9.108143,20.049908,263.208984,51.229790,118.403030
5.823730,3.833235,1.508370,-0.469774,1.213995,2.241307
