"FSC-A","FSC-H","SSC-A","GFP-A","PI_LSS-mKate-A","mCherry-A"
86.889946,47.127827,24.532661,29.317957,70.383919,3696.139893
7.305691,5.025499,5.528944,0.512352,1.203333,4.264287
15.423611,10.670314,4.377924,8.501333,0.933475,20.119219
16.283575,11.357328,5.102071,6.480631,1.457449,0.769591
5.963851,4.335266,20.191143,242.773712,52.826458,87.297821
4.174563,3.082211,11.782108,122.305931,18.584455,26.083603
7.652895,4.870345,4.776237,9.762404,2.837164,4.655711
8.139844,5.695529,5.370234,12.105247,4.076766,7.752727
