"FSC-A","FSC-H","SSC-A","GFP-A","PI_LSS-mKate-A","mCherry-A"
11.904734,8.254159,16.809189,67.954819,16.978727,33.752998
13.782200,9.215425,4.813849,16.631006,4.160536,3.056307
5.226272,3.483179,2.933106,7.970139,2.253218,2.580507
23.314362,15.258371,9.005933,23.113213,5.464802,3.554269
11.885254,8.527290,3.439641,13.589932,4.674596,8.477139
5.525898,3.829272,2.438376,5.654315,2.179013,1.877431
15.040845,10.147239,5.679930,21.187475,3.985792,6.390996
6.446270,4.746874,3.860774,21.921049,6.168738,8.287190
