"FSC-A","FSC-H","SSC-A","GFP-A","PI_LSS-mKate-A","mCherry-A"
36.692402,23.315178,10.916184,17.426163,3.133021,7.838624
5.101474,3.591546,12.862973,5.886390,0.076317,1.198496
19.427998,12.411165,65.598076,215.607254,49.837841,139.679321
8.526852,6.080009,15.676010,-0.880911,0.411537,0.557675
7.485344,5.078636,3.835603,-4.128208,1.365255,1.259272
4.791765,3.250357,10.337255,130.936020,22.651394,56.931683
