"FSC-A","FSC-H","SSC-A","GFP-A","PI_LSS-mKate-A","mCherry-A"
9.658480,6.759393,3.767189,4.729548,0.316317,4.453574
28.786093,17.660151,81.092987,207.144882,57.954578,172.070190
7.582114,4.842806,3.566247,3.467987,0.767142,2.275647
8.194424,5.484916,12.877179,129.906372,21.400986,52.877594
6.069843,4.254662,13.222233,125.990646,19.695278,46.183556
6.110754,3.937003,5.440194,26.710836,5.604614,12.657955
23.692747,14.845038,277.450500,55.688007,8.987484,17.120575
19.976952,12.851225,189.154022,14.693641,3.150811,5.857444
