"FSC-A","FSC-H","SSC-A","GFP-A","PI_LSS-mKate-A","mCherry-A"
10.791596,7.262933,3.481230,6.388115,1.109856,1.947852
15.960797,10.305413,32.436924,34.525265,11.010705,158.086761
14.212807,3.942537,19.730125,0.722773,0.416841,-0.469567
5.216867,3.852225,4.816688,7.508435,0.804731,3.138462
7.542536,4.865013,15.109567,98.077393,26.551165,80.831161
37.451950,20.782705,138.289978,617.253540,171.060944,472.645721
61.453739,33.704903,102.428802,232.028687,64.560196,216.924271
11.659095,8.319365,2.962028,14.958154,5.481383,18.439674
