"FSC-A","FSC-H","SSC-A","GFP-A","PI_LSS-mKate-A","mCherry-A"
6.823904,4.760491,2.837820,8.629325,2.596847,5.082686
10.834968,7.558832,4.584437,3.251985,1.255901,16.493769
22.198235,14.471102,15.462174,16.450562,17.888985,1204.314819
8.501830,5.973197,24.690895,150.474045,29.969055,75.539909
6.427293,4.498802,27.384392,112.210960,32.938789,103.236107
8.427029,5.829093,37.324711,143.496811,40.027027,105.090889
12.082781,7.917549,21.673754,168.016586,26.323795,68.153679
4.617335,3.528105,12.974195,105.074806,13.409618,31.558081
