"FSC-A","FSC-H","SSC-A","GFP-A","PI_LSS-mKate-A","mCherry-A"
7.581697,5.126702,3.234589,1.222966,0.480744,2.230237
13.086901,9.237298,4.248434,6.729971,0.755472,4.769418
10.005623,6.795931,3.444714,3.682457,0.406118,0.956658
