"FSC-A","FSC-H","SSC-A","GFP-A","PI_LSS-mKate-A","mCherry-A"
17.519358,12.035781,17.832731,19.199520,5.279756,97.254257
25.038210,16.305977,3.348285,13.517640,7.141474,283.222870
