"FSC-A","FSC-H","SSC-A","GFP-A","PI_LSS-mKate-A","mCherry-A"
20.958025,14.202529,4.171003,9.462590,4.350387,269.627258
23.118704,11.316354,1894.450439,156.515411,2.340924,0.086941
3.627523,2.962846,7.256536,85.170944,13.385844,33.831593
