"FSC-A","FSC-H","SSC-A","GFP-A","PI_LSS-mKate-A","mCherry-A"
15.892962,10.952407,5.557908,7.328615,1.133339,15.859373
8.284541,5.975778,2.418916,3.380366,0.678783,10.513750
6.501419,4.519243,20.918264,559.578247,88.979317,242.996887
