"FSC-A","FSC-H","SSC-A","GFP-A","PI_LSS-mKate-A","mCherry-A"
9.805593,7.030898,2.969972,2.789004,0.632909,20.491922
4.652851,3.076608,3.355434,12.430993,2.641182,6.621122
5.164557,3.725786,4.007318,104.094337,18.164948,45.659607
5.848010,4.064737,7.787576,58.815521,9.739421,21.148420
