"FSC-A","FSC-H","SSC-A","GFP-A","PI_LSS-mKate-A","mCherry-A"
23.974901,16.155653,5.893910,15.060253,4.521962,50.446213
14.500592,10.141427,3.895183,4.416970,3.195229,227.496475
42.861210,27.437944,19.152462,21.720043,5.307480,93.550720
13.290113,9.252727,4.170185,9.365925,3.687797,17.556051
9.062597,6.173428,18.950403,58.694016,13.478205,25.178070
