"FSC-A","FSC-H","SSC-A","GFP-A","PI_LSS-mKate-A","mCherry-A"
44.478218,27.691298,22.722645,50.941059,15.116773,109.686363
36.594559,23.340279,9.489272,10.704511,8.892978,578.169006
76.818939,43.154495,85.723907,99.883575,27.887581,967.980042
12.575213,8.855998,4.087972,4.275840,2.980047,202.225311
29.737492,19.906338,17.642138,29.955057,9.539107,96.303421
17.605587,11.443976,138.333344,7.850566,3.088733,1.316266
8.912158,6.410782,9.631432,64.745247,10.028809,28.346390
