"FSC-A","FSC-H","SSC-A","GFP-A","PI_LSS-mKate-A","mCherry-A"
26.838074,17.483168,6.837578,9.316035,7.202835,462.610779
4.720767,3.213937,5.678857,209.857635,36.984955,86.150116
5.382601,3.832597,20.989756,1.556303,1.118169,0.456509
11.810271,7.604776,16.437860,82.421501,16.548838,45.233383
5.037714,3.335293,2.958101,12.665213,2.622456,6.151019
