"FSC-A","FSC-H","SSC-A","GFP-A","PI_LSS-mKate-A","mCherry-A"
5.423258,3.704482,4.578496,35.606464,4.829369,11.344783
35.043228,19.464546,25.445827,22.814909,5.543674,20.819025
12.170572,8.852739,3.782125,8.537297,2.540819,25.438671
