"FSC-A","FSC-H","SSC-A","GFP-A","PI_LSS-mKate-A","mCherry-A"
15.678492,11.104995,4.456963,15.950303,4.203832,59.057175
11.201330,7.654244,34.396370,224.030518,184.793991,838.092163
5.250345,3.817338,4.161021,14.249344,2.837502,9.607223
29.693483,19.216715,152.554718,7.646591,2.243701,2.246478
4.816094,3.121670,7.819417,15.889410,4.499067,11.927406
4.851780,3.234747,4.539913,43.220219,9.104612,22.216354
