"FSC-A","FSC-H","SSC-A","GFP-A","PI_LSS-mKate-A","mCherry-A"
37.343521,25.677137,14.222489,49.021553,15.874566,69.852158
