"FSC-A","FSC-H","SSC-A","GFP-A","PI_LSS-mKate-A","mCherry-A"
10.950343,7.811654,3.637167,34.436752,10.094246,5.510896
10.672387,7.872651,4.717338,8.842175,1.912178,3.949931
14.959628,10.486962,5.313721,46.403137,15.389497,7.684889
34.488243,23.376045,13.313203,49.135555,12.363582,13.312647
17.904709,11.884224,5.434211,39.244099,9.821872,16.026478
14.412099,9.902269,7.206756,8.646170,1.775094,1.323384
