"FSC-A","FSC-H","SSC-A","GFP-A","PI_LSS-mKate-A","mCherry-A"
11.740307,8.437264,6.242976,9.200800,1.565495,2.662021
9.721571,6.468843,3.594946,3.562642,1.243747,0.765054
8.647065,6.336572,6.843606,9.360618,1.188018,0.778960
