"FSC-A","FSC-H","SSC-A","GFP-A","PI_LSS-mKate-A","mCherry-A"
4.823654,3.142464,1.907111,0.925839,0.829148,0.478003
29.127518,19.301483,10.415087,47.586151,17.936649,332.557037
11.492366,8.381249,3.333449,7.355325,1.752788,0.678874
