"FSC-A","FSC-H","SSC-A","GFP-A","PI_LSS-mKate-A","mCherry-A"
25.115166,17.300062,6.344297,12.475892,3.335229,117.360802
21.831884,14.734323,5.046171,6.332901,8.042247,661.343933
8.592500,6.121416,42.779892,2.035286,0.635612,2.393887
10.905923,8.016765,68.979401,46.583591,19.179670,68.800049
40.818436,27.108486,17.499157,23.367258,17.964199,1249.479126
14.159772,9.765510,9.833743,11.228466,11.099182,663.488342
4.422589,2.992814,8.612700,49.428528,12.112741,29.297207
5.241304,4.054960,5.593272,18.698990,3.034342,9.339980
6.872909,5.185792,7.933476,34.936157,7.028522,19.437275
