"FSC-A","FSC-H","SSC-A","GFP-A","PI_LSS-mKate-A","mCherry-A"
7.267700,5.077773,2.469542,9.366078,2.698969,14.654768
7.580365,5.411202,1.403758,6.454434,1.086275,3.697183
21.886057,14.986773,7.399516,25.709183,6.758726,21.896345
33.746960,22.482096,191.202194,15.192355,2.000635,3.186571
7.740033,5.654629,20.015602,3.042666,-0.054843,1.264681
