"FSC-A","FSC-H","SSC-A","GFP-A","PI_LSS-mKate-A","mCherry-A"
12.733106,9.182387,4.510580,18.309473,4.532686,33.696114
16.505884,11.560494,9.246206,52.014977,13.454037,75.576752
9.950809,7.189531,2.649009,8.480104,3.763297,157.359085
8.214327,5.010782,3.029920,34.029957,9.399844,16.040462
