"FSC-A","FSC-H","SSC-A","GFP-A","PI_LSS-mKate-A","mCherry-A"
7.603702,5.505019,2.734055,3.679053,0.990359,7.462879
49.312622,31.183296,30.350039,41.774040,27.215851,1665.059204
27.984148,19.137163,9.329744,38.430817,9.396705,53.241112
33.593258,22.924601,8.030642,9.308732,5.664495,368.786163
10.206437,6.783779,6.389618,3.403690,1.621596,79.510429
17.559118,12.344245,4.604253,9.695006,6.341527,431.549927
