"FSC-A","FSC-H","SSC-A","GFP-A","PI_LSS-mKate-A","mCherry-A"
12.255795,8.976810,6.048134,9.494351,2.854394,22.355299
15.034311,10.814711,5.230501,4.706283,1.106723,2.750952
17.872385,12.773214,6.808121,4.895187,1.466541,0.437762
4.159990,3.172749,4.752701,10.502112,1.952025,5.706001
9.536925,6.990103,34.915272,3.573542,1.756211,1.854914
12.106180,8.735557,5.191739,7.254504,1.190589,2.533455
22.141851,15.520427,1.472844,20.370575,5.681231,11.192426
4.645908,3.200955,2.616719,16.962770,4.421289,9.370156
