"FSC-A","FSC-H","SSC-A","GFP-A","PI_LSS-mKate-A","mCherry-A"
15.194033,10.655277,4.468207,8.093148,1.760598,7.392452
17.804548,13.027235,5.552206,7.909032,1.918133,14.947137
9.100569,6.181417,2.157700,11.275665,3.843581,15.021711
5.761365,3.935688,1.578547,10.058874,2.223686,5.813235
4.168031,3.083852,1.365038,3.634308,0.583775,9.883235
5.189528,3.532309,4.383902,17.184456,3.835717,9.661003
13.981275,9.462687,47.555264,27.694721,12.147496,32.138981
8.885262,6.252713,11.574409,7.032816,2.880681,3.529428
