"FSC-A","FSC-H","SSC-A","GFP-A","PI_LSS-mKate-A","mCherry-A"
22.719627,15.453000,19.449543,35.709480,31.967144,2052.478271
11.600299,8.210383,3.576976,5.401491,0.730177,-0.166220
7.044287,4.726182,4.546886,10.190204,2.104033,5.450834
10.375966,6.985721,2.028402,45.729458,15.544128,47.885155
7.015817,5.075061,59.093895,56.494766,19.550953,57.851261
4.301947,3.095804,5.505922,29.629007,3.914487,13.186872
